<?xml version="1.0" encoding="UTF-8"?>
<b:beans xmlns="http://www.springframework.org/schema/security"
         xmlns:b="http://www.springframework.org/schema/beans"
         xmlns:xsi="http://www.w3.org/2001/XMLSchema-instance" xmlns:beans="http://www.springframework.org/schema/c"
         xsi:schemaLocation="http://www.springframework.org/schema/beans
         http://www.springframework.org/schema/beans/spring-beans.xsd
         http://www.springframework.org/schema/security
         https://www.springframework.org/schema/security/spring-security.xsd">
    <http auto-config="true"  use-expressions="true">
        <intercept-url pattern="/login" access="permitAll" />
        <intercept-url pattern="/userRegForm" access="permitAll()"/>
        <intercept-url pattern="/index.jsp" access="isAnonymous()"/>

        <form-login login-page="/login"
                    login-processing-url="/j_spring_security_check"
                    username-parameter="email"
                    password-parameter="password"
                    authentication-failure-url="/login?error"
                    default-target-url="/welcome"/>
        <logout logout-url="/logout" logout-success-url="/login?logout"/>
        <access-denied-handler error-page="/accessDenied"/>
        <csrf disabled="true"/>

    </http>
    <authentication-manager>
        <authentication-provider>

            <jdbc-user-service data-source-ref="dataSource"
                               users-by-username-query="select email,concat('{noop}',password) , enabled from userregistrationinfo where email=?"
                               authorities-by-username-query="select email, role from userregistrationinfo where email = ?"/>
        </authentication-provider>
    </authentication-manager>

    <b:bean id="dataSource" class="org.springframework.jdbc.datasource.DriverManagerDataSource">
        <b:property name="driverClassName" value="com.mysql.cj.jdbc.Driver"/>
        <b:property name="url" value="jdbc:mysql://localhost:3306/book_user"/>
        <b:property name="username" value="root"/>
        <b:property name="password" value="root"/>
    </b:bean>

    <!--    accessing database through jdbc template-->
    <b:bean id="jdbcTemplate" class="org.springframework.jdbc.core.JdbcTemplate">
        <b:property name="dataSource" ref="dataSource"/>
    </b:bean>
</b:beans>